name,state,url
ABC Stores,Hawaii,/wiki/ABC_Stores_(Hawaii)
Alexander & Baldwin,Hawaii,/wiki/Alexander_%26_Baldwin
Aloha Petroleum,Hawaii,/wiki/Aloha_Petroleum
American Savings Bank,Hawaii,/wiki/American_Savings_Bank
Aqua Hotels and Resorts,Hawaii,/wiki/Aqua_Hotels_and_Resorts
Bank of Hawaii,Hawaii,/wiki/Bank_of_Hawaii
Blue Planet Software,Hawaii,/wiki/Blue_Planet_Software
Central Pacific Bank,Hawaii,/wiki/Central_Pacific_Bank
Code Rebel,Hawaii,/wiki/Code_Rebel
First Hawaiian Bank,Hawaii,/wiki/First_Hawaiian_Bank
Foodland Hawaii,Hawaii,/wiki/Foodland_Hawaii
Hawaii National Bank,Hawaii,/wiki/Hawaii_National_Bank
Hawaiian Electric Industries,Hawaii,/wiki/Hawaiian_Electric_Industries
Hawaiian Telcom,Hawaii,/wiki/Hawaiian_Telcom
Island Pacific Energy,Hawaii,/wiki/Island_Pacific_Energy
Kamakura Corporation,Hawaii,/wiki/Kamakura_Corporation
Kauaʻi Island Utility Cooperative,Hawaii,/wiki/Kaua%CA%BBi_Island_Utility_Cooperative
"Matson, Inc.",Hawaii,"/wiki/Matson,_Inc."
Maui Land & Pineapple Company,Hawaii,/wiki/Maui_Land_%26_Pineapple_Company
Mauna Loa Macadamia Nut Corporation,Hawaii,/wiki/Mauna_Loa_Macadamia_Nut_Corporation
Mountain Apple Company,Hawaii,/wiki/Mountain_Apple_Company
Outrigger Hotels & Resorts,Hawaii,/wiki/Outrigger_Hotels_%26_Resorts
Pacific LightNet,Hawaii,/wiki/Pacific_LightNet
Phase2 International,Hawaii,/wiki/Phase2_International_(company)
Shirokiya,Hawaii,/wiki/Shirokiya
Sullivan Family of Companies,Hawaii,/wiki/Sullivan_Family_of_Companies
Times Supermarkets,Hawaii,/wiki/Times_Supermarkets
Tori Richard,Hawaii,/wiki/Tori_Richard
Visionary Related Entertainment,Hawaii,/wiki/Visionary_Related_Entertainment
Agriprocessors,Iowa,/wiki/Agriprocessors
Casey's General Stores,Iowa,/wiki/Casey%27s_General_Stores
Dubuque Bank and Trust,Iowa,/wiki/Dubuque_Bank_and_Trust
Fareway,Iowa,/wiki/Fareway
Happy Joe's,Iowa,/wiki/Happy_Joe%27s
Hartig Drug,Iowa,/wiki/Hartig_Drug
HNI Corporation,Iowa,/wiki/HNI_Corporation
Hy-Vee,Iowa,/wiki/Hy-Vee
i wireless,Iowa,/wiki/I_wireless
Kum & Go,Iowa,/wiki/Kum_%26_Go
Lee Enterprises,Iowa,/wiki/Lee_Enterprises
Maid-Rite,Iowa,/wiki/Maid-Rite
McLeodUSA,Iowa,/wiki/McLeodUSA
Meredith Corporation,Iowa,/wiki/Meredith_Corporation
Montgomery Ward,Iowa,/wiki/Montgomery_Ward
Musco Sport Lighting,Iowa,/wiki/Musco_Sport_Lighting
Norby's Farm Fleet,Iowa,/wiki/Norby%27s_Farm_Fleet
Panchero's Mexican Grill,Iowa,/wiki/Panchero%27s_Mexican_Grill
Pioneer Hi-Bred,Iowa,/wiki/Pioneer_Hi-Bred
Pizza Ranch,Iowa,/wiki/Pizza_Ranch
Principal Financial Group,Iowa,/wiki/Principal_Financial_Group
Radio Dubuque,Iowa,/wiki/Radio_Dubuque
The Right Stuf International,Iowa,/wiki/The_Right_Stuf_International
Riverdeep,Iowa,/wiki/Riverdeep
Rockwell Collins,Iowa,/wiki/Rockwell_Collins
Startly Technologies,Iowa,/wiki/Startly_Technologies
Vermeer Company,Iowa,/wiki/Vermeer_Company
Von Maur,Iowa,/wiki/Von_Maur
West Liberty Foods,Iowa,/wiki/West_Liberty_Foods
Winnebago Industries,Iowa,/wiki/Winnebago_Industries
1st Source,Indiana,/wiki/1st_Source
Accuride,Indiana,/wiki/Accuride
Allison Transmission,Indiana,/wiki/Allison_Transmission
AM General,Indiana,/wiki/AM_General
Angie's List,Indiana,/wiki/Angie%27s_List
Applied Instruments,Indiana,/wiki/Applied_Instruments
Arni's Restaurant,Indiana,/wiki/Arni%27s_Restaurant
Atlas Van Lines,Indiana,/wiki/Atlas_Van_Lines
Aurora Casket Company,Indiana,/wiki/Aurora_Casket_Company
Batesville Casket Company,Indiana,/wiki/Batesville_Casket_Company
Berry Plastics,Indiana,/wiki/Berry_Plastics
Better World Books,Indiana,/wiki/Better_World_Books
Biomet,Indiana,/wiki/Biomet
BrightPoint,Indiana,/wiki/BrightPoint
Buehler Foods,Indiana,/wiki/Buehler_Foods
Calumet Lubricants,Indiana,/wiki/Calumet_Lubricants
Celadon Group,Indiana,/wiki/Celadon_Group
Century Pharmaceuticals,Indiana,/wiki/Century_Pharmaceuticals
Chicago South Shore and South Bend Railroad,Indiana,/wiki/Chicago_South_Shore_and_South_Bend_Railroad
CNO Financial Group,Indiana,/wiki/CNO_Financial_Group
Copient Technologies,Indiana,/wiki/Copient_Technologies
Cummins,Indiana,/wiki/Cummins
DePuy,Indiana,/wiki/DePuy
DirectBuy,Indiana,/wiki/DirectBuy
Do it Best,Indiana,/wiki/Do_it_Best
Eli Lilly and Company,Indiana,/wiki/Eli_Lilly_and_Company
Emmis Communications,Indiana,/wiki/Emmis_Communications
ExactTarget,Indiana,/wiki/ExactTarget
"Finish Line, Inc.",Indiana,"/wiki/Finish_Line,_Inc."
First Internet Bank of Indiana,Indiana,/wiki/First_Internet_Bank_of_Indiana
First Merchants Corporation,Indiana,/wiki/First_Merchants_Corporation
The Ford Meter Box Company,Indiana,/wiki/The_Ford_Meter_Box_Company
Golden Rule Insurance Company,Indiana,/wiki/Golden_Rule_Insurance_Company
Guidant,Indiana,/wiki/Guidant
Gurney's Seed and Nursery Company,Indiana,/wiki/Gurney%27s_Seed_and_Nursery_Company
Harlan,Indiana,/wiki/Harlan_(company)
Haynes International,Indiana,/wiki/Haynes_International
Herff Jones,Indiana,/wiki/Herff_Jones
hhgregg,Indiana,/wiki/Hhgregg
Hill-Rom,Indiana,/wiki/Hill-Rom
"Hillenbrand, Inc.",Indiana,"/wiki/Hillenbrand,_Inc."
Hulman & Company,Indiana,/wiki/Hulman_%26_Company
Indiana Bell,Indiana,/wiki/Indiana_Bell
Indianapolis Power & Light,Indiana,/wiki/Indianapolis_Power_%26_Light
ITT Technical Institute,Indiana,/wiki/ITT_Technical_Institute
JayC Food Stores,Indiana,/wiki/JayC_Food_Stores
Kroger,Indiana,/wiki/Kroger
"Jayco, Inc",Indiana,"/wiki/Jayco,_Inc"
Kimball International,Indiana,/wiki/Kimball_International
Klipsch Audio Technologies,Indiana,/wiki/Klipsch_Audio_Technologies
Marsh Supermarkets,Indiana,/wiki/Marsh_Supermarkets
MCL Cafeterias,Indiana,/wiki/MCL_Cafeterias
Midcontinent Independent System Operator,Indiana,/wiki/Midcontinent_Independent_System_Operator
"Monarch Beverage, Inc.",Indiana,"/wiki/Monarch_Beverage,_Inc."
NiSource,Indiana,/wiki/NiSource
Noble Roman's,Indiana,/wiki/Noble_Roman%27s
North American Van Lines,Indiana,/wiki/North_American_Van_Lines
Old National Bank,Indiana,/wiki/Old_National_Bank
Owen's Market,Indiana,/wiki/Owen%27s_Market
Kroger,Indiana,/wiki/Kroger
Paige's Music,Indiana,/wiki/Paige%27s_Music
Pay Less Super Markets,Indiana,/wiki/Pay_Less_Super_Markets
Kroger,Indiana,/wiki/Kroger
Que Publishing,Indiana,/wiki/Que_Publishing
Red Ball Corporation,Indiana,/wiki/Red_Ball_Corporation
Republic Airways Holdings,Indiana,/wiki/Republic_Airways_Holdings
Chautauqua Airlines,Indiana,/wiki/Chautauqua_Airlines
American Connection,Indiana,/wiki/American_Connection
Republic Airlines,Indiana,/wiki/Republic_Airlines
Shuttle America,Indiana,/wiki/Shuttle_America
Schurz Communications,Indiana,/wiki/Schurz_Communications
Scott's Food & Pharmacy,Indiana,/wiki/Scott%27s_Food_%26_Pharmacy
Kroger,Indiana,/wiki/Kroger
Shindigz,Indiana,/wiki/Shindigz
Shoe Carnival,Indiana,/wiki/Shoe_Carnival
Simon Property Group,Indiana,/wiki/Simon_Property_Group
Steak 'n Shake,Indiana,/wiki/Steak_%27n_Shake
Steel Dynamics,Indiana,/wiki/Steel_Dynamics
Sweetwater Sound,Indiana,/wiki/Sweetwater_Sound
Thor Industries,Indiana,/wiki/Thor_Industries
Three Floyds Brewing,Indiana,/wiki/Three_Floyds_Brewing
Upland Brewing Company,Indiana,/wiki/Upland_Brewing_Company
Vectren,Indiana,/wiki/Vectren
Vera Bradley,Indiana,/wiki/Vera_Bradley
Wabash National,Indiana,/wiki/Wabash_National
Weaver Popcorn Company,Indiana,/wiki/Weaver_Popcorn_Company
WellPoint,Indiana,/wiki/WellPoint
Wheaton World Wide Moving,Indiana,/wiki/Wheaton_World_Wide_Moving
Zimmer Holdings,Indiana,/wiki/Zimmer_Holdings
APS Payroll,Louisiana,/wiki/APS_Payroll
CenturyTel,Louisiana,/wiki/CenturyTel
Copeland's,Louisiana,/wiki/Copeland%27s
Entergy,Louisiana,/wiki/Entergy_Corporation
Freeport-McMoRan,Louisiana,/wiki/Freeport-McMoRan
Hibernia National Bank,Louisiana,/wiki/Hibernia_National_Bank
Hornbeck Offshore Services,Louisiana,/wiki/Hornbeck_Offshore_Services
Lamar Advertising Company,Louisiana,/wiki/Lamar_Advertising_Company
McIlhenny Company,Louisiana,/wiki/McIlhenny_Company
Oreck Corporation,Louisiana,/wiki/Oreck_Corporation
Raising Cane's Chicken Fingers,Louisiana,/wiki/Raising_Cane%27s_Chicken_Fingers
The Shaw Group,Louisiana,/wiki/The_Shaw_Group
Smoothie King,Louisiana,/wiki/Smoothie_King
Taylor Energy,Louisiana,/wiki/Taylor_Energy
3Com,Massachusetts,/wiki/3Com_Corporation
ABRY Partners,Massachusetts,/wiki/ABRY_Partners
Acadian Asset Management,Massachusetts,/wiki/Acadian_Asset_Management
Analog Devices,Massachusetts,/wiki/Analog_Devices
Au Bon Pain,Massachusetts,/wiki/Au_Bon_Pain
Avedis Zildjian Company,Massachusetts,/wiki/Avedis_Zildjian_Company
Bain Capital,Massachusetts,/wiki/Bain_Capital
Baskin-Robbins,Massachusetts,/wiki/Baskin-Robbins
BBN Technologies,Massachusetts,/wiki/BBN_Technologies
Bertucci's,Massachusetts,/wiki/Bertucci%27s
Bienestar International,Massachusetts,/wiki/No_Sweat_Apparel
Big Y Foods,Massachusetts,/wiki/Big_Y_Foods
Biogen Idec,Massachusetts,/wiki/Biogen_Idec
BJ's Wholesale Club,Massachusetts,/wiki/BJ%27s_Wholesale_Club
Bose Corporation,Massachusetts,/wiki/Bose_Corporation
Boston Beer Company,Massachusetts,/wiki/Boston_Beer_Company
Boston Scientific,Massachusetts,/wiki/Boston_Scientific
"Brine, Corp.",Massachusetts,"/wiki/Brine,_Corp."
BroadVoice,Massachusetts,/wiki/BroadVoice
Cabot Corporation,Massachusetts,/wiki/Cabot_Corporation
Cape Air,Massachusetts,/wiki/Cape_Air
Commerce Bank and Trust Company,Massachusetts,/wiki/Commerce_Bank_and_Trust_Company
Converse,Massachusetts,/wiki/Converse_(shoe_company)
Nike,Massachusetts,"/wiki/Nike,_Inc."
Cutter Consortium,Massachusetts,/wiki/Cutter_Consortium
Cybex International,Massachusetts,/wiki/Cybex_International
DeMoulas' Market Basket,Massachusetts,/wiki/DeMoulas%27_Market_Basket
Dunkin' Brands Inc.,Massachusetts,/wiki/Dunkin%27_Brands
Baskin-Robbins,Massachusetts,/wiki/Baskin-Robbins
Dunkin' Donuts,Massachusetts,/wiki/Dunkin%27_Donuts
Togo's,Massachusetts,/wiki/Togo%27s
EMC Corporation,Massachusetts,/wiki/EMC_Corporation
Fidelity Investments,Massachusetts,/wiki/Fidelity_Investments
Fidelity Ventures,Massachusetts,/wiki/Fidelity_Ventures
Filene's Basement,Massachusetts,/wiki/Filene%27s_Basement
Forrester Research,Massachusetts,/wiki/Forrester_Research
Friendly's,Massachusetts,/wiki/Friendly%27s
GE Sensing,Massachusetts,/wiki/GE_Sensing
Genzyme,Massachusetts,/wiki/Genzyme
Gillette,Massachusetts,/wiki/The_Gillette_Company
Global Insight,Massachusetts,/wiki/Global_Insight
Global Partners LP,Massachusetts,/wiki/Global_Partners_LP
GreenFuel Technologies Corporation,Massachusetts,/wiki/GreenFuel_Technologies_Corporation
Hanover Insurance Group,Massachusetts,/wiki/Hanover_Insurance_Group
Honey Dew Donuts,Massachusetts,/wiki/Honey_Dew_Donuts
I-Logix,Massachusetts,/wiki/I-Logix
iRobot,Massachusetts,/wiki/IRobot
Iron Mountain,Massachusetts,/wiki/Iron_Mountain_Incorporated
John Hancock Insurance,Massachusetts,/wiki/John_Hancock_Insurance
KB Toys,Massachusetts,/wiki/KB_Toys
Kurzweil Educational Systems,Massachusetts,/wiki/Kurzweil_Educational_Systems
L. S. Starrett Company,Massachusetts,/wiki/L._S._Starrett_Company
Liberty Mutual,Massachusetts,/wiki/Liberty_Mutual
Lord & Burnham,Massachusetts,/wiki/Lord_%26_Burnham
Lotus Software,Massachusetts,/wiki/Lotus_Software
LPL Financial,Massachusetts,/wiki/LPL_Financial
Massachusetts Mutual Life Insurance Company,Massachusetts,/wiki/Massachusetts_Mutual_Life_Insurance_Company
Millennium Pharmaceuticals,Massachusetts,/wiki/Millennium_Pharmaceuticals
Nantucket Airlines,Massachusetts,/wiki/Nantucket_Airlines
National Amusements,Massachusetts,/wiki/National_Amusements
Necco,Massachusetts,/wiki/Necco
New Balance,Massachusetts,/wiki/New_Balance
Novell,Massachusetts,/wiki/Novell
NSTAR,Massachusetts,/wiki/NSTAR_(company)
Ocean Spray,Massachusetts,/wiki/Ocean_Spray_(cooperative)
OptiRTC,Massachusetts,/wiki/OptiRTC
Perini,Massachusetts,/wiki/Perini_Building_Company
Peter Pan Bus Lines,Massachusetts,/wiki/Peter_Pan_Bus_Lines
Pinsly Railroad Company,Massachusetts,/wiki/Pinsly_Railroad_Company
Polaroid,Massachusetts,/wiki/Polaroid_Corporation
Puma,Massachusetts,/wiki/Puma_AG
Raytheon,Massachusetts,/wiki/Raytheon
Reebok,Massachusetts,/wiki/Reebok
Rockport,Massachusetts,/wiki/Rockport_(company)
Salary.com,Massachusetts,/wiki/Salary.com
Saucony,Massachusetts,/wiki/Saucony
Savage Arms,Massachusetts,/wiki/Savage_Arms
Shaw's Supermarkets,Massachusetts,/wiki/Shaw%27s_Supermarkets
Star Market,Massachusetts,/wiki/Star_Market
SuperValu,Massachusetts,/wiki/SuperValu_(United_States)
SimpliVity,Massachusetts,/wiki/SimpliVity
Smith & Wesson,Massachusetts,/wiki/Smith_%26_Wesson
Staples,Massachusetts,"/wiki/Staples,_Inc."
State St. Corp.,Massachusetts,/wiki/State_St._Corp.
Steinway Musical Instruments,Massachusetts,/wiki/Steinway_Musical_Instruments
Stride Rite Corporation,Massachusetts,/wiki/Stride_Rite_Corporation
Talbots,Massachusetts,/wiki/Talbots
Tea Forté,Massachusetts,/wiki/Tea_Fort%C3%A9
Thermo Fisher Scientific,Massachusetts,/wiki/Thermo_Fisher_Scientific
Thinking Phone Networks,Massachusetts,/wiki/Thinking_Phone_Networks
TJX Companies,Massachusetts,/wiki/TJX_Companies
HomeGoods,Massachusetts,/wiki/HomeGoods
Marshalls,Massachusetts,/wiki/Marshalls
T.J. Maxx,Massachusetts,/wiki/T.J._Maxx
Uno Chicago Grill,Massachusetts,/wiki/Uno_Chicago_Grill
Vertex Pharmaceuticals,Massachusetts,/wiki/Vertex_Pharmaceuticals
Vertica,Massachusetts,/wiki/Vertica
Yankee Candle Company,Massachusetts,/wiki/Yankee_Candle_Company
Welch's,Massachusetts,/wiki/Welch%27s
Zoom Technologies,Massachusetts,/wiki/Zoom_Technologies
Aggregate industries,Maryland,/wiki/Aggregate_industries
Balducci's,Maryland,/wiki/Balducci%27s
Black & Decker,Maryland,/wiki/Black_%26_Decker
BlueHippo Funding,Maryland,/wiki/BlueHippo_Funding
BP Solar - USA,Maryland,/wiki/BP_Solar
Chevy Chase Bank,Maryland,/wiki/Chevy_Chase_Bank
Choice Hotels,Maryland,/wiki/Choice_Hotels
Constellation Energy,Maryland,/wiki/Constellation_Energy
Coventry Health Care,Maryland,/wiki/Coventry_Health_Care
"Digital Management, Inc.",Maryland,"/wiki/Digital_Management,_Inc."
Discovery Communications,Maryland,/wiki/Discovery_Communications
GEICO,Maryland,/wiki/GEICO
"Giant Food of Landover, Maryland",Maryland,"/wiki/Giant_Food_of_Landover,_Maryland"
Goodwill Industries,Maryland,/wiki/Goodwill_Industries
Host Hotels & Resorts,Maryland,/wiki/Host_Hotels_%26_Resorts
Jerry's Subs & Pizza,Maryland,/wiki/Jerry%27s_Subs_%26_Pizza
JoS. A. Bank Clothiers,Maryland,/wiki/JoS._A._Bank_Clothiers
Ledo Pizza,Maryland,/wiki/Ledo_Pizza
Legg Mason,Maryland,/wiki/Legg_Mason
Lockheed Martin,Maryland,/wiki/Lockheed_Martin
Magruder's,Maryland,/wiki/Magruder%27s
Marriott Corporation,Maryland,/wiki/Marriott_Corporation
Mars,Maryland,/wiki/Mars_(supermarket)
McCormick & Company,Maryland,/wiki/McCormick_%26_Company
MedImmune,Maryland,/wiki/MedImmune
Perdue Farms,Maryland,/wiki/Perdue_Farms
Piedmont Airlines,Maryland,/wiki/Piedmont_Airlines
Rent-A-Wreck,Maryland,/wiki/Rent-A-Wreck
Ritz Camera Centers,Maryland,/wiki/Ritz_Camera_Centers
Roy Rogers Family Restaurants,Maryland,/wiki/Roy_Rogers_Family_Restaurants
Shoppers Food & Pharmacy,Maryland,/wiki/Shoppers_Food_%26_Pharmacy
SuperValu,Maryland,/wiki/SuperValu_(United_States)
Stuckey's,Maryland,/wiki/Stuckey%27s
STX,Maryland,/wiki/STX_(sports_manufacturer)
Super Fresh,Maryland,/wiki/Super_Fresh
Sylvan Learning,Maryland,/wiki/Sylvan_Learning
T. Rowe Price,Maryland,/wiki/T._Rowe_Price
Telenor,Maryland,/wiki/Telenor
Under Armour,Maryland,/wiki/Under_Armour
United States Enrichment Corporation,Maryland,/wiki/United_States_Enrichment_Corporation
W. R. Grace and Company,Maryland,/wiki/W._R._Grace_and_Company
Westat,Maryland,/wiki/Westat
Bushmaster Firearms International,Maine,/wiki/Bushmaster_Firearms_International
Casco Bay Lines,Maine,/wiki/Casco_Bay_Lines
Cole Haan,Maine,/wiki/Cole_Haan
Energy East,Maine,/wiki/Energy_East
Fairchild Semiconductor,Maine,/wiki/Fairchild_Semiconductor
Ground Round,Maine,/wiki/Ground_Round
L. L. Bean,Maine,/wiki/L._L._Bean
Quantrix,Maine,/wiki/Quantrix
Renys,Maine,/wiki/Renys
TD Banknorth,Maine,/wiki/TD_Banknorth
Adam's Mark,Missouri,/wiki/Adam%27s_Mark
A. G. Edwards,Missouri,/wiki/A._G._Edwards
AMC Theatres,Missouri,/wiki/AMC_Theatres
Ameren,Missouri,/wiki/Ameren
Andy's Frozen Custard,Missouri,/wiki/Andy%27s_Frozen_Custard
Anheuser-Busch,Missouri,/wiki/Anheuser-Busch
"Aquila, Inc.",Missouri,"/wiki/Aquila,_Inc."
Arch Coal,Missouri,/wiki/Arch_Coal
Baron Aviation Services,Missouri,/wiki/Baron_Aviation_Services
Bass Pro Shops,Missouri,/wiki/Bass_Pro_Shops
Boeing Integrated Defense Systems,Missouri,/wiki/Boeing_Integrated_Defense_Systems
Brown Shoe Company,Missouri,/wiki/Brown_Shoe_Company
Famous Footwear,Missouri,/wiki/Famous_Footwear
Burns & McDonnell Engineering,Missouri,/wiki/Burns_%26_McDonnell_Engineering
Busch Entertainment Corporation,Missouri,/wiki/Busch_Entertainment_Corporation
Centene Corporation,Missouri,/wiki/Centene_Corporation
Cerner,Missouri,/wiki/Cerner
Charter Communications,Missouri,/wiki/Charter_Communications
Columbia Insurance Group,Missouri,/wiki/Columbia_Insurance_Group
Commerce Bancshares,Missouri,/wiki/Commerce_Bancshares
Container Corporation of America,Missouri,/wiki/Container_Corporation_of_America
Dierbergs,Missouri,/wiki/Dierbergs
Drury Hotels,Missouri,/wiki/Drury_Hotels
DST Systems,Missouri,/wiki/DST_Systems
Edward Jones Investments,Missouri,/wiki/Edward_Jones_Investments
Emerson Electric Company,Missouri,/wiki/Emerson_Electric_Company
Energizer Holdings,Missouri,/wiki/Energizer_Holdings
Enterprise Rent-A-Car,Missouri,/wiki/Enterprise_Rent-A-Car
Express Scripts Incorporated,Missouri,/wiki/Express_Scripts_Incorporated
Farmland Industries,Missouri,/wiki/Farmland_Industries
Ferrellgas,Missouri,/wiki/Ferrellgas
GoJet Airlines,Missouri,/wiki/GoJet_Airlines
Graybar Electric Company,Missouri,/wiki/Graybar_Electric_Company
Great Plains Energy,Missouri,/wiki/Great_Plains_Energy
Hallmark Cards,Missouri,/wiki/Hallmark_Cards
Hardee's,Missouri,/wiki/Hardee%27s
Helzberg Diamonds,Missouri,/wiki/Helzberg_Diamonds
HOK Sport + Venue + Event,Missouri,/wiki/HOK_Sport_%2B_Venue_%2B_Event
H&R Block,Missouri,/wiki/H%26R_Block
International Hat Company,Missouri,/wiki/International_Hat_Company
Interstate Bakeries Corporation,Missouri,/wiki/Interstate_Bakeries_Corporation
Kansas City Life Insurance Company,Missouri,/wiki/Kansas_City_Life_Insurance_Company
Kansas City Southern Industries,Missouri,/wiki/Kansas_City_Southern_Industries
Leggett & Platt,Missouri,/wiki/Leggett_%26_Platt
Lifetouch,Missouri,/wiki/Lifetouch
MFA Oil,Missouri,/wiki/MFA_Oil
Metropark Communications,Missouri,/wiki/Metropark_Communications
Missouri Employers Mutual Insurance,Missouri,/wiki/Missouri_Employers_Mutual_Insurance
Monsanto Company,Missouri,/wiki/Monsanto_Company
Olin Corp.,Missouri,/wiki/Olin_Corp.
O'Reilly Auto Parts,Missouri,/wiki/O%27Reilly_Auto_Parts
Panera Bread,Missouri,/wiki/Panera_Bread
Peabody Energy,Missouri,/wiki/Peabody_Energy
Premium Standard Farms,Missouri,/wiki/Premium_Standard_Farms
Ralston Purina Company,Missouri,/wiki/Ralston_Purina_Company
Rawlings,Missouri,/wiki/Rawlings_(company)
Russell Stover Candies,Missouri,/wiki/Russell_Stover_Candies
Save-A-Lot,Missouri,/wiki/Save-A-Lot
SuperValu,Missouri,/wiki/SuperValu_(United_States)
Schnucks,Missouri,/wiki/Schnucks
Shelter Insurance,Missouri,/wiki/Shelter_Insurance
Shop 'n Save,Missouri,/wiki/Shop_%27n_Save
SuperValu,Missouri,/wiki/SuperValu_(United_States)
Sigma-Aldrich,Missouri,/wiki/Sigma-Aldrich
Solutia Inc,Missouri,/wiki/Solutia_Inc
Suddenlink Communications,Missouri,/wiki/Suddenlink_Communications
Trans States Airlines,Missouri,/wiki/Trans_States_Airlines
American Connection,Missouri,/wiki/American_Connection
UniGroup,Missouri,/wiki/UniGroup
Mayflower Transit,Missouri,/wiki/Mayflower_Transit
United Van Lines,Missouri,/wiki/United_Van_Lines
Wehrenberg Theatres,Missouri,/wiki/Wehrenberg_Theatres
Winsteads,Missouri,/wiki/Winsteads
Ergon,Mississippi,/wiki/Ergon_(US)
Mossy Oak,Mississippi,"/wiki/Haas_Outdoors,_Inc."
Peavey Electronics,Mississippi,/wiki/Peavey_Electronics
Trustmark Corporation,Mississippi,/wiki/Trustmark_Corporation
Viking Range,Mississippi,/wiki/Viking_Range
Big Sky Airlines,Montana,/wiki/Big_Sky_Airlines
Big Sky Brewing Company,Montana,/wiki/Big_Sky_Brewing_Company
Conlin's Furniture,Montana,/wiki/Conlin%27s_Furniture
Corporate Air,Montana,/wiki/Corporate_Air
First Interstate BancSystem,Montana,/wiki/First_Interstate_BancSystem
Kampgrounds of America,Montana,/wiki/Kampgrounds_of_America
Merlin Airways,Montana,/wiki/Merlin_Airways
RightNow Technologies,Montana,/wiki/RightNow_Technologies
Semitool,Montana,/wiki/Semitool
Shiloh Rifle Manufacturing Company,Montana,/wiki/Shiloh_Rifle_Manufacturing_Company
Biscuitville,North Carolina,/wiki/Biscuitville
Greensboro,North Carolina,"/wiki/Greensboro,_North_Carolina"
Burt's Bees,North Carolina,/wiki/Burt%27s_Bees
Durham,North Carolina,"/wiki/Durham,_North_Carolina"
Carquest,North Carolina,/wiki/Carquest
Raleigh,North Carolina,"/wiki/Raleigh,_North_Carolina"
Champion,North Carolina,/wiki/Champion_(sportswear)
Winston-Salem,North Carolina,"/wiki/Winston-Salem,_North_Carolina"
Columbia Forest Products,North Carolina,/wiki/Columbia_Forest_Products
Greensboro,North Carolina,"/wiki/Greensboro,_North_Carolina"
CommScope,North Carolina,/wiki/CommScope
Hickory,North Carolina,"/wiki/Hickory,_North_Carolina"
Cook Out,North Carolina,/wiki/Cook_Out_(restaurant)
Greensboro,North Carolina,"/wiki/Greensboro,_North_Carolina"
Deere,North Carolina,/wiki/Deere
Hitachi,North Carolina,"/wiki/Hitachi,_Ltd."
Kernersville,North Carolina,"/wiki/Kernersville,_North_Carolina"
Food Lion,North Carolina,/wiki/Food_Lion
Salisbury,North Carolina,"/wiki/Salisbury,_North_Carolina"
The Fresh Market,North Carolina,/wiki/The_Fresh_Market
Greensboro,North Carolina,"/wiki/Greensboro,_North_Carolina"
Golden Corral,North Carolina,/wiki/Golden_Corral
Raleigh,North Carolina,"/wiki/Raleigh,_North_Carolina"
Hanesbrands,North Carolina,/wiki/Hanesbrands
Winston-Salem,North Carolina,"/wiki/Winston-Salem,_North_Carolina"
Ingles,North Carolina,/wiki/Ingles
Black Mountain,North Carolina,"/wiki/Black_Mountain,_North_Carolina"
International Textile Group,North Carolina,/wiki/International_Textile_Group
Greensboro,North Carolina,"/wiki/Greensboro,_North_Carolina"
Kayser-Roth,North Carolina,/wiki/Kayser-Roth
Greensboro,North Carolina,"/wiki/Greensboro,_North_Carolina"
Krispy Kreme,North Carolina,/wiki/Krispy_Kreme
Winston-Salem,North Carolina,"/wiki/Winston-Salem,_North_Carolina"
LabCorp,North Carolina,/wiki/LabCorp
Burlington,North Carolina,"/wiki/Burlington,_North_Carolina"
Lenovo,North Carolina,/wiki/Lenovo
Morrisville,North Carolina,"/wiki/Morrisville,_North_Carolina"
Lolly Wolly Doodle,North Carolina,/wiki/Lolly_Wolly_Doodle
Lexington,North Carolina,"/wiki/Lexington,_North_Carolina"
Lowe's,North Carolina,/wiki/Lowe%27s
Mooresville,North Carolina,"/wiki/Mooresville,_North_Carolina"
Lowes Foods,North Carolina,/wiki/Lowes_Foods
Winston-Salem,North Carolina,"/wiki/Winston-Salem,_North_Carolina"
Mack Trucks,North Carolina,/wiki/Mack_Trucks
Greensboro,North Carolina,"/wiki/Greensboro,_North_Carolina"
Martin Marietta Materials,North Carolina,/wiki/Martin_Marietta_Materials
Raleigh,North Carolina,"/wiki/Raleigh,_North_Carolina"
NewBridge Bank,North Carolina,/wiki/NewBridge_Bank
Greensboro,North Carolina,"/wiki/Greensboro,_North_Carolina"
The Pantry,North Carolina,/wiki/The_Pantry
Cary,North Carolina,"/wiki/Cary,_North_Carolina"
Progress Energy Inc,North Carolina,/wiki/Progress_Energy_Inc
Raleigh,North Carolina,"/wiki/Raleigh,_North_Carolina"
Purolator Filters,North Carolina,/wiki/Purolator_Filters
Fayetteville,North Carolina,"/wiki/Fayetteville,_North_Carolina"
Red Hat,North Carolina,/wiki/Red_Hat
Raleigh,North Carolina,"/wiki/Raleigh,_North_Carolina"
Remington Arms,North Carolina,/wiki/Remington_Arms
Madison,North Carolina,"/wiki/Madison,_North_Carolina"
Reynolds American,North Carolina,/wiki/Reynolds_American
Winston-Salem,North Carolina,"/wiki/Winston-Salem,_North_Carolina"
R. J. Reynolds Tobacco Company,North Carolina,/wiki/R._J._Reynolds_Tobacco_Company
Roses Stores,North Carolina,/wiki/Roses_(store)
Henderson,North Carolina,"/wiki/Henderson,_North_Carolina"
Salix Pharmaceuticals,North Carolina,/wiki/Salix_Pharmaceuticals
Raleigh,North Carolina,"/wiki/Raleigh,_North_Carolina"
SAS Institute,North Carolina,/wiki/SAS_Institute
Cary,North Carolina,"/wiki/Cary,_North_Carolina"
Sealy Corporation,North Carolina,/wiki/Sealy_Corporation
Trinity,North Carolina,"/wiki/Trinity,_North_Carolina"
Sky Lease Cargo,North Carolina,/wiki/Sky_Lease_Cargo
Greensboro,North Carolina,"/wiki/Greensboro,_North_Carolina"
Thomas Built Buses,North Carolina,/wiki/Thomas_Built_Buses
High Point,North Carolina,"/wiki/High_Point,_North_Carolina"
Thomasville Furniture Industries,North Carolina,/wiki/Thomasville_Furniture_Industries
Thomasville,North Carolina,"/wiki/Thomasville,_North_Carolina"
TW Garner Food Company,North Carolina,/wiki/TW_Garner_Food_Company
Winston-Salem,North Carolina,"/wiki/Winston-Salem,_North_Carolina"
VF Corporation,North Carolina,/wiki/VF_Corporation
Greensboro,North Carolina,"/wiki/Greensboro,_North_Carolina"
VPS Convenience,North Carolina,/wiki/VPS_Convenience
Wilmington,North Carolina,"/wiki/Wilmington,_North_Carolina"
Affiliated Foods Midwest,Nebraska,/wiki/Affiliated_Foods_Midwest
Amigos/Kings Classic,Nebraska,/wiki/Amigos/Kings_Classic
Berkshire Hathaway,Nebraska,/wiki/Berkshire_Hathaway
Buckle,Nebraska,/wiki/Buckle_(store)
Cabela's,Nebraska,/wiki/Cabela%27s
ConAgra Foods,Nebraska,/wiki/ConAgra_Foods
Douglas Theatre Company,Nebraska,/wiki/Douglas_Theatre_Company
First National of Nebraska,Nebraska,/wiki/First_National_of_Nebraska
Fort Western Stores,Nebraska,/wiki/Fort_Western_Stores
Godfather's Pizza,Nebraska,/wiki/Godfather%27s_Pizza
Gorat's,Nebraska,/wiki/Gorat%27s
Gordmans,Nebraska,/wiki/Gordmans
HobbyTown USA,Nebraska,/wiki/HobbyTown_USA
Kiewit Corporation,Nebraska,/wiki/Kiewit_Corporation
Mister C's,Nebraska,/wiki/Mister_C%27s
Mutual of Omaha,Nebraska,/wiki/Mutual_of_Omaha
Nelnet,Nebraska,/wiki/Nelnet
Omaha Star,Nebraska,/wiki/Omaha_Star
Omaha Steaks,Nebraska,/wiki/Omaha_Steaks
Runza Restaurants,Nebraska,/wiki/Runza_Restaurants
TD Ameritrade,Nebraska,/wiki/TD_Ameritrade
Union Pacific,Nebraska,/wiki/Union_Pacific_Railroad
Werner Enterprises,Nebraska,/wiki/Werner_Enterprises
West Corporation,Nebraska,/wiki/West_Corporation
Boston-Maine Airways,New Hampshire,/wiki/Boston-Maine_Airways
Pan Am Clipper Connection,New Hampshire,/wiki/Pan_Am_Clipper_Connection
Brookstone,New Hampshire,/wiki/Brookstone
DEKA,New Hampshire,/wiki/DEKA_(company)
Eastern Mountain Sports,New Hampshire,/wiki/Eastern_Mountain_Sports
Hitachi Cable Manchester Inc.,New Hampshire,/wiki/Hitachi
PC Connection,New Hampshire,/wiki/PC_Connection
State Line Tack,New Hampshire,/wiki/State_Line_Tack
Thompson Center Arms,New Hampshire,/wiki/Thompson_Center_Arms
The Timberland Company,New Hampshire,/wiki/The_Timberland_Company
Wiggins Airways,New Hampshire,/wiki/Wiggins_Airways
American Standard Companies,New Jersey,/wiki/American_Standard_Companies
Automatic Data Processing,New Jersey,/wiki/Automatic_Data_Processing
Avaya,New Jersey,/wiki/Avaya
Avis Budget Group,New Jersey,/wiki/Avis_Budget_Group
Becton Dickinson,New Jersey,/wiki/Becton_Dickinson
Bed Bath & Beyond,New Jersey,/wiki/Bed_Bath_%26_Beyond
Benjamin Moore & Co.,New Jersey,/wiki/Benjamin_Moore_%26_Co.
Bradco Supply,New Jersey,/wiki/Bradco_Supply
Burlington Coat Factory,New Jersey,/wiki/Burlington_Coat_Factory
Campbell Soup Company,New Jersey,/wiki/Campbell_Soup_Company
CARiD,New Jersey,/wiki/CARiD
"Ce De Candy, Inc.",New Jersey,"/wiki/Ce_De_Candy,_Inc."
Celgene,New Jersey,/wiki/Celgene
Century 21 Real Estate,New Jersey,/wiki/Century_21_Real_Estate
The Children's Place,New Jersey,/wiki/The_Children%27s_Place
Chubb Corp.,New Jersey,/wiki/Chubb_Corp.
Church and Dwight,New Jersey,/wiki/Church_and_Dwight
Coach USA,New Jersey,/wiki/Coach_USA
Commerce Bancorp,New Jersey,/wiki/Commerce_Bancorp
Comodo Group,New Jersey,/wiki/Comodo_Group
Curtiss-Wright,New Jersey,/wiki/Curtiss-Wright
Cytec Industries,New Jersey,/wiki/Cytec_Industries
DRS Technologies,New Jersey,/wiki/DRS_Technologies
Emerson Radio,New Jersey,/wiki/Emerson_Radio
Foodtown,New Jersey,/wiki/Foodtown_(USA)
Foster Wheeler Corporation,New Jersey,/wiki/Foster_Wheeler_Corporation
The Great Atlantic and Pacific Tea Company,New Jersey,/wiki/The_Great_Atlantic_and_Pacific_Tea_Company
Farmer Jack,New Jersey,/wiki/Farmer_Jack
Food Basics USA,New Jersey,/wiki/Food_Basics_USA
The Food Emporium,New Jersey,/wiki/The_Food_Emporium
Sav-A-Center,New Jersey,/wiki/Sav-A-Center
Super Fresh,New Jersey,/wiki/Super_Fresh
Waldbaum's,New Jersey,/wiki/Waldbaum%27s
Hartz Mountain Industries,New Jersey,/wiki/Hartz_Mountain_Industries
The Hertz Corporation,New Jersey,/wiki/The_Hertz_Corporation
Honeywell,New Jersey,/wiki/Honeywell
Hovnanian Enterprises,New Jersey,/wiki/Hovnanian_Enterprises
Hudson City Bancorp,New Jersey,/wiki/Hudson_City_Bancorp
IDT Corp.,New Jersey,/wiki/IDT_Corp.
Ingersoll Rand,New Jersey,/wiki/Ingersoll_Rand
Jackson Hewitt,New Jersey,/wiki/Jackson_Hewitt
Jersey Mike's Subs,New Jersey,/wiki/Jersey_Mike%27s_Subs
Johnson & Johnson,New Jersey,/wiki/Johnson_%26_Johnson
Liberty Travel,New Jersey,/wiki/Liberty_Travel
Linens 'n Things,New Jersey,/wiki/Linens_%27n_Things
LiveProcess,New Jersey,/wiki/LiveProcess
Louis Berger Group,New Jersey,/wiki/Louis_Berger_Group
Maidenform,New Jersey,/wiki/Maidenform
Medarex,New Jersey,/wiki/Medarex
Medco Health Solutions,New Jersey,/wiki/Medco_Health_Solutions
Merck,New Jersey,/wiki/Merck_%26_Co.
MTBC,New Jersey,/wiki/MTBC
NRG Energy,New Jersey,/wiki/NRG_Energy
New England Motor Freight,New Jersey,/wiki/New_England_Motor_Freight
New Jersey Resources,New Jersey,/wiki/New_Jersey_Resources
PNY Technologies,New Jersey,/wiki/PNY_Technologies
Pathmark Stores,New Jersey,/wiki/Pathmark_Stores
Peterson's,New Jersey,/wiki/Peterson%27s
Pinnacle Foods,New Jersey,/wiki/Pinnacle_Foods
Prince Sports,New Jersey,/wiki/Prince_Sports
Prudential Financial,New Jersey,/wiki/Prudential_Financial
Public Service Electric and Gas Company,New Jersey,/wiki/Public_Service_Electric_and_Gas_Company
R.R. Bowker,New Jersey,/wiki/R.R._Bowker
Realogy,New Jersey,/wiki/Realogy
Reckitt Benckiser North America,New Jersey,/wiki/Reckitt_Benckiser
RCI,New Jersey,/wiki/RCI_(company)
Schering-Plough,New Jersey,/wiki/Schering-Plough
Sealed Air,New Jersey,/wiki/Sealed_Air
Selective Insurance Group,New Jersey,/wiki/Selective_Insurance_Group
Spencer's Gifts,New Jersey,/wiki/Spencer%27s_Gifts
"Toys ""R"" Us",New Jersey,/wiki/Toys_%22R%22_Us
Unigene Laboratories,New Jersey,/wiki/Unigene_Laboratories
Valley National Bank,New Jersey,/wiki/Valley_National_Bank
VoicePulse,New Jersey,/wiki/VoicePulse
Vonage,New Jersey,/wiki/Vonage
Wakefern Food Corporation,New Jersey,/wiki/Wakefern_Food_Corporation
ShopRite (United States),New Jersey,/wiki/ShopRite_(United_States)
Inserra Supermarkets,New Jersey,/wiki/Inserra_Supermarkets
Weeks Marine,New Jersey,/wiki/Weeks_Marine
Wyeth,New Jersey,/wiki/Wyeth
Wyndham Worldwide,New Jersey,/wiki/Wyndham_Worldwide
Blake's Lotaburger,New Mexico,/wiki/Blake%27s_Lotaburger
Deep Web Technologies,New Mexico,/wiki/Deep_Web_Technologies
Eclipse Aviation,New Mexico,/wiki/Eclipse_Aviation
Laguna Development Corporation,New Mexico,/wiki/Laguna_Development_Corporation
New Mexico Airlines,New Mexico,/wiki/New_Mexico_Airlines
PNM Resources,New Mexico,/wiki/PNM_Resources
Prediction Company,New Mexico,/wiki/Prediction_Company
Thornburg Mortgage,New Mexico,/wiki/Thornburg_Mortgage
Allegiant Air,Nevada,/wiki/Allegiant_Air
Bally Technologies,Nevada,/wiki/Bally_Technologies
Boyd Gaming,Nevada,/wiki/Boyd_Gaming
Carroll Shelby International,Nevada,/wiki/Carroll_Shelby_International
Ereflect,Nevada,/wiki/Ereflect
Harrah's Entertainment,Nevada,/wiki/Harrah%27s_Entertainment
International Game Technology,Nevada,/wiki/International_Game_Technology
Las Vegas Sands,Nevada,/wiki/Las_Vegas_Sands
MGM Mirage,Nevada,/wiki/MGM_Mirage
National University,Nevada,/wiki/National_University_(California)
Nevada Power Company,Nevada,/wiki/Nevada_Power_Company
NV Energy,Nevada,/wiki/NV_Energy
Port of Subs,Nevada,/wiki/Port_of_Subs
Primaris Airlines,Nevada,/wiki/Primaris_Airlines
Scolari's Food and Drug,Nevada,/wiki/Scolari%27s_Food_and_Drug
Scenic Airlines,Nevada,/wiki/Scenic_Airlines
Sierra Pacific Resources,Nevada,/wiki/Sierra_Pacific_Resources
Sierra Nevada Corporation,Nevada,/wiki/Sierra_Nevada_Corporation
Skagen Designs,Nevada,/wiki/Skagen_Designs
Southwest Gas Corporation,Nevada,/wiki/Southwest_Gas_Corporation
Terrible Herbst,Nevada,/wiki/Terrible_Herbst
Wynn Resorts,Nevada,/wiki/Wynn_Resorts
Xtra Airways,Nevada,/wiki/Xtra_Airways
Zappos.com,Nevada,/wiki/Zappos.com
Abercrombie & Fitch,Ohio,/wiki/Abercrombie_%26_Fitch
ABX Air,Ohio,/wiki/ABX_Air
Acme Fresh Market,Ohio,/wiki/Acme_Fresh_Market
Aeronca Aircraft,Ohio,/wiki/Aeronca_Aircraft
AirNet Express,Ohio,/wiki/AirNet_Express
Airstream,Ohio,/wiki/Airstream
AK Steel Holding,Ohio,/wiki/AK_Steel_Holding
"Aleris International, Inc.",Ohio,"/wiki/Aleris_International,_Inc."
Alien Workshop,Ohio,/wiki/Alien_Workshop
American Electric Power,Ohio,/wiki/American_Electric_Power
American Financial Group,Ohio,/wiki/American_Financial_Group
American Greetings,Ohio,/wiki/American_Greetings
AVADirect,Ohio,/wiki/AVADirect
AmTrust Bank,Ohio,/wiki/AmTrust_Bank
Applied Industrial Technologies,Ohio,/wiki/Applied_Industrial_Technologies
Argus,Ohio,/wiki/Argus_(camera_company)
Babcock & Wilcox,Ohio,/wiki/Babcock_%26_Wilcox
Bath & Body Works,Ohio,/wiki/Bath_%26_Body_Works
Battelle Memorial Institute,Ohio,/wiki/Battelle_Memorial_Institute
Big Lots,Ohio,/wiki/Big_Lots
bigg's,Ohio,/wiki/Bigg%27s
Bob Evans Restaurants,Ohio,/wiki/Bob_Evans_Restaurants
Cardinal Health,Ohio,/wiki/Cardinal_Health
CareSource,Ohio,/wiki/CareSource
Castle Aviation,Ohio,/wiki/Castle_Aviation
Charley's Grilled Subs,Ohio,/wiki/Charley%27s_Grilled_Subs
Charter One Bank,Ohio,/wiki/Charter_One_Bank
Chiquita Brands International,Ohio,/wiki/Chiquita_Brands_International
Cincinnati Financial,Ohio,/wiki/Cincinnati_Financial
Cintas,Ohio,/wiki/Cintas
Cleveland-Cliffs,Ohio,/wiki/Cleveland-Cliffs
Commerce National Bank,Ohio,/wiki/Commerce_National_Bank
Convergys,Ohio,/wiki/Convergys
Cooper Tire & Rubber Company,Ohio,/wiki/Cooper_Tire_%26_Rubber_Company
Crown Equipment Corporation,Ohio,/wiki/Crown_Equipment_Corporation
Damon's Grill,Ohio,/wiki/Damon%27s_Grill
Dana Holding Corporation,Ohio,/wiki/Dana_Holding_Corporation
Diebold,Ohio,/wiki/Diebold
Donatos Pizza,Ohio,/wiki/Donatos_Pizza
Dorothy Lane Market,Ohio,/wiki/Dorothy_Lane_Market
DPL Inc.,Ohio,/wiki/DPL_Inc.
E.W. Scripps Company,Ohio,/wiki/E.W._Scripps_Company
Eaton Corporation,Ohio,/wiki/Eaton_Corporation
Elder-Beerman,Ohio,/wiki/Elder-Beerman
Electronix corporation,Ohio,/wiki/Electronix_corporation
ERC,Ohio,/wiki/ERC_(organization)
Esther Price Candies,Ohio,/wiki/Esther_Price_Candies
Euclid-Hitachi Heavy Equipment Ltd.,Ohio,/wiki/Euclid_Earthmoving
Evenflo Company,Ohio,/wiki/Evenflo_Company
Federated Department Stores,Ohio,/wiki/Federated_Department_Stores
Ferro Corporation,Ohio,/wiki/Ferro_Corporation
Fifth Third Bank,Ohio,/wiki/Fifth_Third_Bank
FirstEnergy,Ohio,/wiki/FirstEnergy
Forest City Enterprises,Ohio,/wiki/Forest_City_Enterprises
GE-Aviation,Ohio,/wiki/GE-Aviation
Gojo Industries,Ohio,/wiki/Gojo_Industries
Gold Star Chili,Ohio,/wiki/Gold_Star_Chili
Goodyear,Ohio,/wiki/Goodyear_Tire_and_Rubber_Company
Grand Aire Express,Ohio,/wiki/Grand_Aire_Express
Grismer,Ohio,/wiki/Grismer
Heinen's Fine Foods,Ohio,/wiki/Heinen%27s_Fine_Foods
"Hexion Specialty Chemicals, Inc.",Ohio,"/wiki/Hexion_Specialty_Chemicals,_Inc."
Hi-Point Firearms/Beemiller,Ohio,/wiki/Hi-Point_Firearms
Hitachi Medical Systems America Inc.,Ohio,"/wiki/Hitachi,_Ltd."
Hobart Corporation,Ohio,/wiki/Hobart_Corporation
Hollister Co.,Ohio,/wiki/Hollister_Co.
Holtkamp Organ Company,Ohio,/wiki/Holtkamp_Organ_Company
Huffy,Ohio,/wiki/Huffy
Human Race Theatre Company,Ohio,/wiki/Human_Race_Theatre_Company
Huntington Bancshares Inc.,Ohio,/wiki/Huntington_Bancshares_Inc.
Industramark,Ohio,/wiki/Industramark
Invacare,Ohio,/wiki/Invacare
Jo Ann Stores,Ohio,/wiki/Jo_Ann_Stores
Kettering Health Network,Ohio,/wiki/Kettering_Health_Network
Key Bank,Ohio,/wiki/Key_Bank
Kroger,Ohio,/wiki/Kroger
Lane Bryant Inc.,Ohio,/wiki/Lane_Bryant
LexisNexis,Ohio,/wiki/LexisNexis
LensCrafters,Ohio,/wiki/LensCrafters
Limited Brands,Ohio,/wiki/Limited_Brands
Lincoln Electric,Ohio,/wiki/Lincoln_Electric
Lubrizol,Ohio,/wiki/Lubrizol
Malley's Chocolates,Ohio,/wiki/Malley%27s_Chocolates
"Manor Care, Inc.",Ohio,"/wiki/Manor_Care,_Inc."
Marathon Petroleum Company,Ohio,/wiki/Marathon_Petroleum_Company
Marc's,Ohio,/wiki/Marc%27s
Matco Tools,Ohio,/wiki/Matco_Tools
Mayfran International,Ohio,/wiki/Mayfran_International
Max & Erma's,Ohio,/wiki/Max_%26_Erma%27s
Medical Mutual of Ohio,Ohio,/wiki/Medical_Mutual_of_Ohio
Mike-sell's,Ohio,/wiki/Mike-sell%27s
Motoman,Ohio,/wiki/Motoman
Moen,Ohio,/wiki/Moen_(company)
NACCO Industries,Ohio,/wiki/NACCO_Industries
National City Corporation,Ohio,/wiki/National_City_Corporation
Nationwide Insurance,Ohio,/wiki/Nationwide_Mutual_Insurance_Company
NCR Corporation,Ohio,/wiki/NCR_Corporation
Nestlé USA - Prepared Foods Division,Ohio,/wiki/Nestl%C3%A9
NewPage Corporation,Ohio,/wiki/NewPage_Corporation
Owens Corning,Ohio,/wiki/Owens_Corning
Owens-Illinois,Ohio,/wiki/Owens-Illinois
Park National Bank (FBOP),Ohio,/wiki/Park_National_Bank_(FBOP)
Park National Bank (Ohio),Ohio,/wiki/Park_National_Bank_(Ohio)
Parker Hannifin,Ohio,/wiki/Parker_Hannifin
Pearle Opticians,Ohio,/wiki/Pearle_Opticians
PolyOne Corporation,Ohio,/wiki/PolyOne_Corporation
Premier Health Partners,Ohio,/wiki/Premier_Health_Partners
Procter & Gamble,Ohio,/wiki/Procter_%26_Gamble
Progressive Corporation,Ohio,/wiki/Progressive_Corporation
PSA Airlines,Ohio,/wiki/PSA_Airlines
Rax Restaurants,Ohio,/wiki/Rax_Restaurants
The Reynolds and Reynolds Company,Ohio,/wiki/The_Reynolds_and_Reynolds_Company
Retail Ventures,Ohio,/wiki/Retail_Ventures
"DSW, Inc.",Ohio,"/wiki/DSW,_Inc."
Value City,Ohio,/wiki/Value_City
RIDGID,Ohio,/wiki/RIDGID
Roadway Services,Ohio,/wiki/Roadway_Services
RPM International,Ohio,/wiki/RPM_International
Scailex Corporation,Ohio,/wiki/Scailex_Corporation
Scotts Miracle-Gro Company,Ohio,/wiki/Scotts_Miracle-Gro_Company
Sherwin-Williams Company,Ohio,/wiki/Sherwin-Williams_Company
Skyline Chili,Ohio,/wiki/Skyline_Chili
Skybus Airlines,Ohio,/wiki/Skybus_Airlines
The J.M. Smucker Co.,Ohio,/wiki/The_J.M._Smucker_Co.
"SoBran, Inc.",Ohio,"/wiki/SoBran,_Inc."
Speedway SuperAmerica,Ohio,/wiki/Speedway_SuperAmerica
Steak Escape,Ohio,/wiki/Steak_Escape
Sunglass Hut International,Ohio,/wiki/Sunglass_Hut_International
Sunny Delight Beverages,Ohio,/wiki/Sunny_Delight_Beverages
Teradata,Ohio,/wiki/Teradata
Thor Industries,Ohio,/wiki/Thor_Industries
Timken Company,Ohio,/wiki/Timken_Company
Trans States Airlines,Ohio,/wiki/Trans_States_Airlines
AmericanConnection,Ohio,/wiki/AmericanConnection
TransDigm Group,Ohio,/wiki/TransDigm_Group
TravelCenters of America,Ohio,/wiki/TravelCenters_of_America
Tween Brands,Ohio,/wiki/Tween_Brands
United States Playing Card Company,Ohio,/wiki/United_States_Playing_Card_Company
Victoria's Secret,Ohio,/wiki/Victoria%27s_Secret
Wendy's,Ohio,/wiki/Wendy%27s
Western & Southern Financial Group,Ohio,/wiki/Western_%26_Southern_Financial_Group
Westfield Insurance,Ohio,/wiki/Westfield_Insurance
White Castle,Ohio,/wiki/White_Castle_(restaurant)
Worthington Industries,Ohio,/wiki/Worthington_Industries
YRC Regional Transportation,Ohio,/wiki/YRC_Worldwide_Inc.
Allegiance Communications,Oklahoma,/wiki/Allegiance_Communications
Shawnee,Oklahoma,"/wiki/Shawnee,_Oklahoma"
Beaujon Aircraft,Oklahoma,/wiki/Beaujon_Aircraft
Ardmore,Oklahoma,"/wiki/Ardmore,_Oklahoma"
Big Daddy's BBQ Sauce,Oklahoma,/wiki/Big_Daddy%27s_BBQ_Sauce
Yukon,Oklahoma,"/wiki/Yukon,_Oklahoma"
Groendyke Transport,Oklahoma,/wiki/Groendyke_Transport
Enid,Oklahoma,"/wiki/Enid,_Oklahoma"
Hitachi Computer Products (America) Inc.,Oklahoma,"/wiki/Hitachi,_Ltd."
Norman,Oklahoma,"/wiki/Norman,_Oklahoma"
Homeland Supermarkets,Oklahoma,/wiki/Homeland_(supermarket)
Edmond,Oklahoma,"/wiki/Edmond,_Oklahoma"
LegalShield,Oklahoma,/wiki/LegalShield
Ada,Oklahoma,"/wiki/Ada,_Oklahoma"
Reasor's,Oklahoma,/wiki/Reasor%27s
Tahlequah,Oklahoma,"/wiki/Tahlequah,_Oklahoma"
Zivko Aeronautics,Oklahoma,/wiki/Zivko_Aeronautics
Guthrie,Oklahoma,"/wiki/Guthrie,_Oklahoma"
Airgas,Pennsylvania,/wiki/Airgas
Allentown,Pennsylvania,"/wiki/Allentown,_Pennsylvania"
Allen Organ Company,Pennsylvania,/wiki/Allen_Organ_Company
Macungie,Pennsylvania,"/wiki/Macungie,_Pennsylvania"
Armstrong World Industries,Pennsylvania,/wiki/Armstrong_World_Industries
Lancaster,Pennsylvania,"/wiki/Lancaster,_Pennsylvania"
Associated Wholesalers,Pennsylvania,/wiki/Associated_Wholesalers
Robesonia,Pennsylvania,"/wiki/Robesonia,_Pennsylvania"
Blair Corporation,Pennsylvania,/wiki/Blair_Corporation
Warren,Pennsylvania,"/wiki/Warren,_Pennsylvania"
The Bon-Ton,Pennsylvania,/wiki/The_Bon-Ton
York,Pennsylvania,"/wiki/York,_Pennsylvania"
Boscov's,Pennsylvania,/wiki/Boscov%27s
Reading,Pennsylvania,"/wiki/Reading,_Pennsylvania"
Bruster's Ice Cream,Pennsylvania,/wiki/Bruster%27s_Ice_Cream
Bridgewater,Pennsylvania,"/wiki/Bridgewater,_Pennsylvania"
Burpee Seeds,Pennsylvania,/wiki/Burpee_Seeds
Warminster,Pennsylvania,"/wiki/Warminster,_Pennsylvania"
Cephalon,Pennsylvania,/wiki/Cephalon
Frazer,Pennsylvania,"/wiki/Frazer,_Pennsylvania"
Charming Shoppes,Pennsylvania,/wiki/Charming_Shoppes
Bensalem,Pennsylvania,"/wiki/Bensalem,_Pennsylvania"
Conestoga Wood Specialties,Pennsylvania,/wiki/Conestoga_Wood_Specialties
East Earl,Pennsylvania,"/wiki/East_Earl,_Pennsylvania"
Crayola LLC,Pennsylvania,/wiki/Crayola
Easton,Pennsylvania,"/wiki/Easton,_Pennsylvania"
Silly Putty,Pennsylvania,/wiki/Silly_Putty
David's Bridal,Pennsylvania,/wiki/David%27s_Bridal
Conshohocken,Pennsylvania,"/wiki/Conshohocken,_Pennsylvania"
Dentsply International,Pennsylvania,/wiki/Dentsply_International
York,Pennsylvania,"/wiki/York,_Pennsylvania"
Dick's Sporting Goods,Pennsylvania,/wiki/Dick%27s_Sporting_Goods
Coraopolis,Pennsylvania,"/wiki/Coraopolis,_Pennsylvania"
Eat'n Park,Pennsylvania,/wiki/Eat%27n_Park
Homestead,Pennsylvania,"/wiki/Homestead,_Pennsylvania"
Equitable Resources,Pennsylvania,/wiki/Equitable_Resources
Erie Insurance Group,Pennsylvania,/wiki/Erie_Insurance_Group
Extol International,Pennsylvania,/wiki/Extol_International
FMC Corp.,Pennsylvania,/wiki/FMC_Corp.
Frankford Candy & Chocolate Company,Pennsylvania,/wiki/Frankford_Candy_%26_Chocolate_Company
GE Transportation Systems,Pennsylvania,/wiki/GE_Transportation_Systems
General Nutrition Centers,Pennsylvania,/wiki/General_Nutrition_Centers
Genesis HealthCare,Pennsylvania,/wiki/Genesis_HealthCare
"Giant Food of Carlisle, Pennsylvania",Pennsylvania,"/wiki/Giant_Food_of_Carlisle,_Pennsylvania"
Harsco Corporation,Pennsylvania,/wiki/Harsco_Corporation
Hatfield Quality Meats,Pennsylvania,/wiki/Hatfield_Quality_Meats
H. J. Heinz Company,Pennsylvania,/wiki/H._J._Heinz_Company
Hershey Foods Corporation,Pennsylvania,/wiki/Hershey_Foods_Corporation
Ikon Office Solutions,Pennsylvania,/wiki/Ikon_Office_Solutions
JLG Industries,Pennsylvania,/wiki/JLG_Industries
Jones Apparel Group,Pennsylvania,/wiki/Jones_Apparel_Group
Just Born,Pennsylvania,/wiki/Just_Born
Kenexa Corporation,Pennsylvania,/wiki/Kenexa_Corporation
Kennametal,Pennsylvania,/wiki/Kennametal
Knoll,Pennsylvania,/wiki/Knoll_(company)
Lincoln National Corporation,Pennsylvania,/wiki/Lincoln_National_Corporation
MAACO,Pennsylvania,/wiki/MAACO
Mack Trucks,Pennsylvania,/wiki/Mack_Trucks
Majestic Athletic,Pennsylvania,/wiki/Majestic_Athletic
Meadows Frozen Custard,Pennsylvania,/wiki/Meadows_Frozen_Custard
Mellon Financial,Pennsylvania,/wiki/Mellon_Financial
Natrona Bottling Company,Pennsylvania,/wiki/Natrona_Bottling_Company
NCO Group,Pennsylvania,/wiki/NCO_Group
New Era Tickets,Pennsylvania,/wiki/New_Era_Tickets
New Penn,Pennsylvania,/wiki/New_Penn
Penn National Gaming,Pennsylvania,/wiki/Penn_National_Gaming
Pep Boys Manny Moe & Jack,Pennsylvania,/wiki/Pep_Boys
PNC Financial Services,Pennsylvania,/wiki/PNC_Financial_Services
PPG Industries,Pennsylvania,/wiki/PPG_Industries
PPL,Pennsylvania,/wiki/PPL_(utility)
QVC,Pennsylvania,/wiki/QVC
"Respironics, Inc.",Pennsylvania,"/wiki/Respironics,_Inc."
Rite Aid Corporation,Pennsylvania,/wiki/Rite_Aid_Corporation
Rodale Press,Pennsylvania,/wiki/Rodale_Press
Rohm and Haas,Pennsylvania,/wiki/Rohm_and_Haas
Select Medical Corporation,Pennsylvania,/wiki/Select_Medical_Corporation
Sovereign Bank,Pennsylvania,/wiki/Sovereign_Bank
STV Group,Pennsylvania,"/wiki/STV_Group,_Inc."
SunGard,Pennsylvania,/wiki/SunGard
Sunoco,Pennsylvania,/wiki/Sunoco
"Teleflex, Inc.",Pennsylvania,"/wiki/Teleflex,_Inc."
TransDigm Group,Pennsylvania,/wiki/TransDigm_Group
Triumph Group,Pennsylvania,/wiki/Triumph_Group
Toll Brothers,Pennsylvania,/wiki/Toll_Brothers
UGI Corporation,Pennsylvania,/wiki/UGI_Corporation
"AmeriGas Partners, L.P.",Pennsylvania,"/wiki/AmeriGas_Partners,_L.P."
Unisys,Pennsylvania,/wiki/Unisys
USX,Pennsylvania,/wiki/United_States_Steel_Corporation
Universal Health Services,Pennsylvania,/wiki/Universal_Health_Services
Urban Outfitters,Pennsylvania,/wiki/Urban_Outfitters
USA 3000 Airlines,Pennsylvania,/wiki/USA_3000_Airlines
U.S. Steel,Pennsylvania,/wiki/U.S._Steel
USF Glen Moore,Pennsylvania,/wiki/USF_Glen_Moore
The Vanguard Group,Pennsylvania,/wiki/The_Vanguard_Group
ViroPharma,Pennsylvania,/wiki/ViroPharma
Vishay Intertechnology,Pennsylvania,/wiki/Vishay_Intertechnology
VWR International,Pennsylvania,/wiki/VWR_International
Weis Markets,Pennsylvania,/wiki/Weis_Markets
WESCO International,Pennsylvania,/wiki/WESCO_International
Wilbur Chocolate Company,Pennsylvania,/wiki/Wilbur_Chocolate_Company
Woolrich,Pennsylvania,/wiki/Woolrich
Zippo,Pennsylvania,/wiki/Zippo
Amica Mutual Insurance,Rhode Island,/wiki/Amica_Mutual_Insurance
Citizens Financial Group,Rhode Island,/wiki/Citizens_Financial_Group
CVS Caremark Corporation,Rhode Island,/wiki/CVS_Caremark_Corporation
Eckerd Pharmacy,Rhode Island,/wiki/Eckerd_Pharmacy
FM Global,Rhode Island,/wiki/FM_Global
GTech,Rhode Island,/wiki/GTech
Hasbro,Rhode Island,/wiki/Hasbro
New England Airlines,Rhode Island,/wiki/New_England_Airlines
Providence Equity Partners,Rhode Island,/wiki/Providence_Equity_Partners
Swarovski North America Ltd.,Rhode Island,/wiki/Swarovski
Textron,Rhode Island,/wiki/Textron
AgFirst,South Carolina,/wiki/AgFirst
BI-LO,South Carolina,/wiki/BI-LO_(United_States)
Bowater,South Carolina,/wiki/Bowater
Denny's,South Carolina,/wiki/Denny%27s
Extended Stay Hotels,South Carolina,/wiki/Extended_Stay_Hotels
FATZ,South Carolina,/wiki/FATZ
Hitachi Electronic Devices (USA) Inc.,South Carolina,"/wiki/Hitachi,_Ltd."
Horry Telephone Cooperative,South Carolina,/wiki/Horry_Telephone_Cooperative
Michelin North America,South Carolina,/wiki/Michelin
Mid-South Management Company Inc.,South Carolina,/wiki/Mid-South_Management_Company_Inc.
Muzak,South Carolina,/wiki/Muzak_Holdings
Park Seed Company,South Carolina,/wiki/Park_Seed_Company
Prym,South Carolina,/wiki/Prym
SCANA,South Carolina,/wiki/SCANA
Sonoco Products,South Carolina,/wiki/Sonoco_Products
Black Hills Ammunition,South Dakota,/wiki/Black_Hills_Ammunition
Black Hills Corporation,South Dakota,/wiki/Black_Hills_Corporation
"Dakota, Minnesota and Eastern Railroad",South Dakota,"/wiki/Dakota,_Minnesota_and_Eastern_Railroad"
Daktronics,South Dakota,/wiki/Daktronics
Home Federal Bank,South Dakota,/wiki/Home_Federal_Bank
Rainbow Play Systems,South Dakota,/wiki/Rainbow_Play_Systems
AC Entertainment,Tennessee,/wiki/AC_Entertainment
Knoxville,Tennessee,"/wiki/Knoxville,_Tennessee"
Access America Transport,Tennessee,/wiki/Access_America_Transport
Chattanooga,Tennessee,"/wiki/Chattanooga,_Tennessee"
American Residential Services,Tennessee,/wiki/American_Residential_Services
Memphis,Tennessee,"/wiki/Memphis,_Tennessee"
AutoZone,Tennessee,/wiki/AutoZone
Memphis,Tennessee,"/wiki/Memphis,_Tennessee"
Averitt Express,Tennessee,/wiki/Averitt_Express
Cookeville,Tennessee,"/wiki/Cookeville,_Tennessee"
Boss Hoss Cycles,Tennessee,/wiki/Boss_Hoss_Cycles
Dyersburg,Tennessee,"/wiki/Dyersburg,_Tennessee"
Bush Brothers and Company,Tennessee,/wiki/Bush_Brothers_and_Company
Knoxville,Tennessee,"/wiki/Knoxville,_Tennessee"
Chattem,Tennessee,/wiki/Chattem
Chattanooga,Tennessee,"/wiki/Chattanooga,_Tennessee"
Community Health Systems,Tennessee,/wiki/Community_Health_Systems
Franklin,Tennessee,"/wiki/Franklin,_Tennessee"
Covenant Transport,Tennessee,/wiki/Covenant_Transport
Chattanooga,Tennessee,"/wiki/Chattanooga,_Tennessee"
Cracker Barrel,Tennessee,/wiki/Cracker_Barrel
Lebanon,Tennessee,"/wiki/Lebanon,_Tennessee"
CraftWorks Restaurants & Breweries,Tennessee,/wiki/CraftWorks_Restaurants_%26_Breweries
Chattanooga,Tennessee,"/wiki/Chattanooga,_Tennessee"
CTSI-Global,Tennessee,/wiki/CTSI-Global
Memphis,Tennessee,"/wiki/Memphis,_Tennessee"
Dollar General,Tennessee,/wiki/Dollar_General
Goodlettsville,Tennessee,"/wiki/Goodlettsville,_Tennessee"
Double Cola,Tennessee,/wiki/Double_Cola
Chattanooga,Tennessee,"/wiki/Chattanooga,_Tennessee"
Eastman Chemical Company,Tennessee,/wiki/Eastman_Chemical_Company
Kingsport,Tennessee,"/wiki/Kingsport,_Tennessee"
EdFinancial Services,Tennessee,/wiki/EdFinancial_Services
Knoxville,Tennessee,"/wiki/Knoxville,_Tennessee"
Elvis Presley Enterprises,Tennessee,/wiki/Elvis_Presley_Enterprises
Memphis,Tennessee,"/wiki/Memphis,_Tennessee"
FedEx,Tennessee,/wiki/FedEx
Memphis,Tennessee,"/wiki/Memphis,_Tennessee"
First Horizon National Corporation,Tennessee,/wiki/First_Horizon_National_Corporation
Memphis,Tennessee,"/wiki/Memphis,_Tennessee"
First Tennessee,Tennessee,/wiki/First_Tennessee
Memphis,Tennessee,"/wiki/Memphis,_Tennessee"
Fred's,Tennessee,/wiki/Fred%27s
Memphis,Tennessee,"/wiki/Memphis,_Tennessee"
IdleAir,Tennessee,/wiki/IdleAir
Knoxville,Tennessee,"/wiki/Knoxville,_Tennessee"
International Paper,Tennessee,/wiki/International_Paper
Memphis,Tennessee,"/wiki/Memphis,_Tennessee"
Jack Daniel's Distillery,Tennessee,/wiki/Jack_Daniel%27s
Lynchburg,Tennessee,"/wiki/Lynchburg,_Tennessee"
Jiffy Steamer,Tennessee,/wiki/Jiffy_Steamer
Union City,Tennessee,"/wiki/Union_City,_Tennessee"
King Pharmaceuticals,Tennessee,/wiki/King_Pharmaceuticals
Bristol,Tennessee,"/wiki/Bristol,_Tennessee"
Lenny's Sub Shop,Tennessee,/wiki/Lenny%27s_Sub_Shop
Memphis,Tennessee,"/wiki/Memphis,_Tennessee"
Lodge,Tennessee,/wiki/Lodge_(company)
South Pittsburg,Tennessee,"/wiki/South_Pittsburg,_Tennessee"
Malco Theatres,Tennessee,/wiki/Malco_Theatres
Memphis,Tennessee,"/wiki/Memphis,_Tennessee"
Malibu Boats,Tennessee,/wiki/Malibu_Boats
Loudon,Tennessee,"/wiki/Loudon,_Tennessee"
MasterCraft,Tennessee,/wiki/MasterCraft
Vonore,Tennessee,"/wiki/Vonore,_Tennessee"
McKee Foods,Tennessee,/wiki/McKee_Foods
Collegedale,Tennessee,"/wiki/Collegedale,_Tennessee"
Medium,Tennessee,/wiki/Medium_(company)
Chattanooga,Tennessee,"/wiki/Chattanooga,_Tennessee"
"Memphis Light, Gas and Water",Tennessee,"/wiki/Memphis_Light,_Gas_and_Water"
Memphis,Tennessee,"/wiki/Memphis,_Tennessee"
The Metadata Company,Tennessee,/wiki/The_Metadata_Company
Brentwood,Tennessee,"/wiki/Brentwood,_Tennessee"
National Narrowcasting Network,Tennessee,/wiki/National_Narrowcasting_Network
Memphis,Tennessee,"/wiki/Memphis,_Tennessee"
Nissan North America Inc.,Tennessee,/wiki/Nissan_Motors
Smyrna,Tennessee,"/wiki/Smyrna,_Tennessee"
Olan Mills,Tennessee,/wiki/Olan_Mills
Chattanooga,Tennessee,"/wiki/Chattanooga,_Tennessee"
Old Time Pottery,Tennessee,/wiki/Old_Time_Pottery
Murfreesboro,Tennessee,"/wiki/Murfreesboro,_Tennessee"
Pal's,Tennessee,/wiki/Pal%27s
Kingsport,Tennessee,"/wiki/Kingsport,_Tennessee"
Perkins Restaurant and Bakery,Tennessee,/wiki/Perkins_Restaurant_and_Bakery
Memphis,Tennessee,"/wiki/Memphis,_Tennessee"
Petro's Chili & Chips,Tennessee,/wiki/Petro%27s_Chili_%26_Chips
Knoxville,Tennessee,"/wiki/Knoxville,_Tennessee"
Pilot Flying J,Tennessee,/wiki/Pilot_Flying_J
Knoxville,Tennessee,"/wiki/Knoxville,_Tennessee"
PooPrints,Tennessee,/wiki/PooPrints
Knoxville,Tennessee,"/wiki/Knoxville,_Tennessee"
Regal Entertainment Group,Tennessee,/wiki/Regal_Entertainment_Group
Knoxville,Tennessee,"/wiki/Knoxville,_Tennessee"
Ruby Tuesday,Tennessee,/wiki/Ruby_Tuesday_(restaurant)
Maryville,Tennessee,"/wiki/Maryville,_Tennessee"
ServiceMaster,Tennessee,/wiki/ServiceMaster
Memphis,Tennessee,"/wiki/Memphis,_Tennessee"
Servpro,Tennessee,/wiki/Servpro
Gallatin,Tennessee,"/wiki/Gallatin,_Tennessee"
Singer Corporation,Tennessee,/wiki/Singer_Corporation
La Vergne,Tennessee,"/wiki/La_Vergne,_Tennessee"
Smith Travel Research,Tennessee,/wiki/Smith_Travel_Research
Hendersonville,Tennessee,"/wiki/Hendersonville,_Tennessee"
Tennessee Valley Authority,Tennessee,/wiki/Tennessee_Valley_Authority
Knoxville,Tennessee,"/wiki/Knoxville,_Tennessee"
Thermocopy,Tennessee,/wiki/Thermocopy
Knoxville,Tennessee,"/wiki/Knoxville,_Tennessee"
Tractor Supply Company,Tennessee,/wiki/Tractor_Supply_Company
Brentwood,Tennessee,"/wiki/Brentwood,_Tennessee"
Unum,Tennessee,/wiki/Unum
Chattanooga,Tennessee,"/wiki/Chattanooga,_Tennessee"
Varsity Brands,Tennessee,/wiki/Varsity_Brands
Memphis,Tennessee,"/wiki/Memphis,_Tennessee"
Weigel's,Tennessee,/wiki/Weigel%27s
Powell,Tennessee,"/wiki/Powell,_Tennessee"
Advance Auto Parts,Virginia,/wiki/Advance_Auto_Parts
Albemarle Corporation,Virginia,/wiki/Albemarle_Corporation
Alion Science and Technology,Virginia,/wiki/Alion_Science_and_Technology
American Woodmark,Virginia,/wiki/American_Woodmark
AMERIGROUP Corporation,Virginia,/wiki/AMERIGROUP_Corporation
AOL,Virginia,/wiki/AOL
The Brink's Company,Virginia,/wiki/The_Brink%27s_Company
Bowlmor AMF,Virginia,/wiki/Bowlmor_AMF
CACI,Virginia,/wiki/CACI
Capital One,Virginia,/wiki/Capital_One
CarMax,Virginia,/wiki/CarMax
Circuit City,Virginia,/wiki/Circuit_City_(1949%E2%80%932009_company)
Colgan Air,Virginia,/wiki/Colgan_Air
Compass Airlines,Virginia,/wiki/Compass_Airlines_(North_America)
Data Access Technology,Virginia,/wiki/Data_Access_Technology
Dollar Tree,Virginia,/wiki/Dollar_Tree
Dominion Resources,Virginia,/wiki/Dominion_Resources
DynCorp International,Virginia,/wiki/DynCorp_International
Estes Express Lines,Virginia,/wiki/Estes_Express_Lines
FOLIOfn,Virginia,/wiki/FOLIOfn
Farm Fresh Food & Pharmacy,Virginia,/wiki/Farm_Fresh_Food_%26_Pharmacy
SuperValu,Virginia,/wiki/SuperValu_(United_States)
Federal Home Loan Mortgage Corporation,Virginia,/wiki/Federal_Home_Loan_Mortgage_Corporation
Freddie Mac,Virginia,/wiki/Freddie_Mac
Ferguson Enterprises,Virginia,/wiki/Ferguson_Enterprises
Five Guys,Virginia,/wiki/Five_Guys
GE Fanuc Automation,Virginia,/wiki/GE_Fanuc_Automation
Gannett,Virginia,/wiki/Gannett
General Dynamics,Virginia,/wiki/General_Dynamics
Genworth Financial,Virginia,/wiki/Genworth_Financial
IPIX,Virginia,/wiki/IPIX
Interstate Van Lines,Virginia,/wiki/Interstate_Van_Lines
KVAT Food City,Virginia,/wiki/KVAT_Food_City
L-3 Flight International Aviation,Virginia,/wiki/L-3_Flight_International_Aviation
Lafarge North America,Virginia,/wiki/Lafarge_North_America
LandAmerica Financial Group,Virginia,/wiki/LandAmerica_Financial_Group
Landmark Communications,Virginia,/wiki/Landmark_Communications
Liberty Tax Service,Virginia,/wiki/Liberty_Tax_Service
Markel,Virginia,/wiki/Markel_Corporation
Mars Incorporated,Virginia,/wiki/Mars_Incorporated
Massey Energy,Virginia,/wiki/Massey_Energy
MAXjet Airways,Virginia,/wiki/MAXjet_Airways
MeadWestvaco,Virginia,/wiki/MeadWestvaco
Medeco,Virginia,/wiki/Medeco
NACHA-The Electronic Payments Association,Virginia,/wiki/NACHA-The_Electronic_Payments_Association
NII Holdings,Virginia,/wiki/NII_Holdings
NEXTEL Communications,Virginia,/wiki/NEXTEL_Communications
Norfolk Southern,Virginia,/wiki/Norfolk_Southern
NVR,Virginia,/wiki/NVR_(homebuilding_company)
Owens & Minor,Virginia,/wiki/Owens_%26_Minor
Oxford Finance,Virginia,/wiki/Oxford_Finance
Performance Food Group,Virginia,/wiki/Performance_Food_Group
Primus Telecom,Virginia,/wiki/Primus_Telecom
Reynolds Metals,Virginia,/wiki/Reynolds_Metals
Rolls-Royce North America,Virginia,/wiki/Rolls-Royce_North_America
SCG International Risk,Virginia,/wiki/SCG_International_Risk
SLM Corporation,Virginia,/wiki/SLM_Corporation
Sallie Mae,Virginia,/wiki/Sallie_Mae
Smithfield Foods,Virginia,/wiki/Smithfield_Foods
Southern Exposure Seed Exchange,Virginia,/wiki/Southern_Exposure_Seed_Exchange
Sprint Nextel Corporation,Virginia,/wiki/Sprint_Nextel_Corporation
Touchstone Energy,Virginia,/wiki/Touchstone_Energy
Trailways Transportation System,Virginia,/wiki/Trailways_Transportation_System
Ukrop's Super Market,Virginia,/wiki/Ukrop%27s_Super_Market
Universal Corporation,Virginia,/wiki/Universal_Corporation
Velocity Micro,Virginia,/wiki/Velocity_Micro
AirNow,Vermont,/wiki/AirNow
Ben & Jerry's,Vermont,/wiki/Ben_%26_Jerry%27s
Bruegger's,Vermont,/wiki/Bruegger%27s
Burton Snowboards,Vermont,/wiki/Burton_Snowboards
Crane & Co.,Vermont,/wiki/Crane_%26_Co.
National Life Insurance Company,Vermont,/wiki/National_Life_Insurance_Company
Orvis,Vermont,/wiki/Orvis
Tuttle Publishing,Vermont,/wiki/Tuttle_Publishing
Air Wisconsin,Wisconsin,/wiki/Air_Wisconsin
Alliant Energy,Wisconsin,/wiki/Alliant_Energy
American Family Insurance,Wisconsin,/wiki/American_Family_Insurance
Amsoil,Wisconsin,/wiki/Amsoil
Ashley Furniture,Wisconsin,/wiki/Ashley_Furniture
Associated Banc-Corp,Wisconsin,/wiki/Associated_Banc-Corp
Bemis Company,Wisconsin,/wiki/Bemis_Company
Ben Franklin Stores,Wisconsin,/wiki/Ben_Franklin_Stores
Cousins Subs,Wisconsin,/wiki/Cousins_Subs
Culver's,Wisconsin,/wiki/Culver%27s
Fiserv,Wisconsin,/wiki/Fiserv
Freight Runners Express,Wisconsin,/wiki/Freight_Runners_Express
Good Humor-Breyers,Wisconsin,/wiki/Good_Humor-Breyers
Harley-Davidson,Wisconsin,/wiki/Harley-Davidson
Jockey International,Wisconsin,/wiki/Jockey_International
Johnson Controls,Wisconsin,/wiki/Johnson_Controls
S. C. Johnson & Son,Wisconsin,/wiki/S._C._Johnson_%26_Son
Johnsonville Foods,Wisconsin,/wiki/Johnsonville_Foods
Journal Communications,Wisconsin,/wiki/Journal_Communications
Kohler Company,Wisconsin,/wiki/Kohler_Company
Kohl's,Wisconsin,/wiki/Kohl%27s
Kopp's Frozen Custard,Wisconsin,/wiki/Kopp%27s_Frozen_Custard
Lake Express,Wisconsin,/wiki/Lake_Express
Lands' End,Wisconsin,/wiki/Lands%27_End
Manpower Inc.,Wisconsin,/wiki/Manpower_Inc.
Marcus Corporation,Wisconsin,/wiki/Marcus_Corporation
Marshall & Ilsley Corporation,Wisconsin,/wiki/Marshall_%26_Ilsley_Corporation
Master Lock,Wisconsin,/wiki/Master_Lock
Menards,Wisconsin,/wiki/Menards
Midwest Airlines,Wisconsin,/wiki/Midwest_Airlines
Milio's Sandwiches,Wisconsin,/wiki/Milio%27s_Sandwiches
Milwaukee Electric Tool Company,Wisconsin,/wiki/Milwaukee_Electric_Tool_Company
Omanhene Cocoa Bean Company,Wisconsin,/wiki/Omanhene_Cocoa_Bean_Company
Oshkosh Truck,Wisconsin,/wiki/Oshkosh_Truck
Pacific Cycle,Wisconsin,/wiki/Pacific_Cycle
Mongoose,Wisconsin,/wiki/Mongoose_(bicycles)
Roadmaster,Wisconsin,/wiki/Roadmaster_(bicycles)
Rockwell Automation,Wisconsin,/wiki/Rockwell_Automation
Roundy's,Wisconsin,/wiki/Roundy%27s
Sentry Foods,Wisconsin,/wiki/Sentry_Foods
Sentry Insurance,Wisconsin,/wiki/Sentry_Insurance
Schneider National,Wisconsin,/wiki/Schneider_National
Schreiber Foods,Wisconsin,/wiki/Schreiber_Foods
ShopKo Stores,Wisconsin,/wiki/ShopKo_Stores
Skyway Airlines,Wisconsin,/wiki/Skyway_Airlines
Midwest Connect,Wisconsin,/wiki/Midwest_Connect
Midwest Airlines,Wisconsin,/wiki/Midwest_Airlines
Snap-on,Wisconsin,/wiki/Snap-on
Trane,Wisconsin,/wiki/Trane
Thrivent Financial for Lutherans,Wisconsin,/wiki/Thrivent_Financial_for_Lutherans
Trek Bicycle Corporation,Wisconsin,/wiki/Trek_Bicycle_Corporation
Wisconsin Energy Corporation,Wisconsin,/wiki/Wisconsin_Energy_Corporation
Woodman's Food Market,Wisconsin,/wiki/Woodman%27s_Food_Market
Gabriel Brothers,West Virginia,/wiki/Gabriel_Brothers
Marquee Cinemas,West Virginia,/wiki/Marquee_Cinemas
Tudor's Biscuit World,West Virginia,/wiki/Tudor%27s_Biscuit_World
Wheeling-Pittsburgh Steel,West Virginia,/wiki/Wheeling-Pittsburgh_Steel
